Name,Surname,Email,PhoneNumber,Address
Manuel,Price,christopher61@example.org,001-478-507-9562x0054,Portugal
Daryl,Sparks,campbelljames@example.org,807-844-4052x955,Nepal
Cassandra,Henderson,chase96@example.net,852-902-9734,Tokelau
Paul,Jenkins,ronaldchambers@example.net,288.766.1163x2612,Netherlands
Richard,Ortiz,cjoyce@example.net,255-804-1594,Georgia
Julie,Wheeler,ernest58@example.net,(257)868-3540x62712,Lao People's Democratic Republic
Debra,Curtis,greenjohn@example.net,+1-205-243-5976x7624,Cuba
Katie,Hill,alexandersusan@example.com,(578)488-0859x78637,Cameroon
Lindsey,Forbes,leetammy@example.org,7595909047,Somalia
Eddie,Lee,svalentine@example.org,733.740.9619x0872,Austria
Benjamin,Manning,hamiltonbrandon@example.net,+1-961-365-0431,Netherlands Antilles
Victor,Davis,reynoldsamber@example.net,+1-650-738-7503x639,Reunion
Brian,Evans,brianstewart@example.net,(310)552-3949,Libyan Arab Jamahiriya
Scott,Carter,nicholasabbott@example.net,284-572-7055,Turkey
Stephanie,Dunn,campbellbarbara@example.org,597-424-1123x623,Switzerland
Darren,Reynolds,hansenmary@example.net,(857)481-6848x97391,Cote d'Ivoire
Pamela,Ward,kmartinez@example.org,+1-526-496-1633x04587,Libyan Arab Jamahiriya
Justin,Juarez,browngina@example.org,444.448.5325,Greece
Alyssa,Jones,billy94@example.com,435-454-3189,Burundi
Trevor,Anderson,jamescindy@example.net,6012373432,Saint Vincent and the Grenadines
Jason,Spears,brownmatthew@example.net,8137417752,Uzbekistan
Rachel,Wong,tamara63@example.com,(278)512-7983,Cambodia
Billy,Perez,dbautista@example.com,001-714-239-2738x837,Austria
Whitney,Jordan,hbarr@example.org,977.267.2173x644,British Virgin Islands
Shawn,Lee,evelyn28@example.com,246.217.5693x604,Sao Tome and Principe
Cory,Knox,simmonsannette@example.net,4388562376,Pakistan
Levi,Rocha,jsmith@example.org,+1-448-237-2532x3594,Mexico
Matthew,Parker,teresawilliams@example.com,001-798-693-3419,Germany
Margaret,Casey,ccarter@example.net,575-345-6957,Grenada
Carlos,Johnson,bbuckley@example.org,820-655-2500,Eritrea
